<?xml version="1.0" encoding="UTF-8"?><teamcity-plugin xmlns:xsi="http://www.w3.org/2001/XMLSchema-instance" xsi:noNamespaceSchemaLocation="urn:schemas-jetbrains-com:teamcity-plugin-v1-xml">
  <info>
    <name>teamcity-consul-kv-support</name>
    <display-name>HashiCorp Consul Kv Support</display-name>
    <version>0.2</version>
    <description>Provides support for HashiCorp Consul Kv Storage</description>
    <vendor>
      <name>MohsenAra</name>
      <url>https://github.com/MohsenAra/</url>
    </vendor>
  </info>
  <deployment use-separate-classloader="true"/>
</teamcity-plugin>
